"Date","Price","Open","High","Low","Change %"
"Jun 21, 2020","817.30","817.30","817.30","817.30","0.00%"
"Jun 19, 2020","817.30","817.54","825.08","812.06","-0.03%"
"Jun 18, 2020","817.54","801.59","818.49","801.01","1.99%"
"Jun 17, 2020","801.59","784.25","805.07","784.07","2.21%"
"Jun 16, 2020","784.25","783.28","786.51","771.40","0.12%"
"Jun 15, 2020","783.28","792.26","802.95","782.35","-1.13%"
"Jun 12, 2020","792.26","792.75","796.04","782.57","-0.06%"
"Jun 11, 2020","792.75","773.46","793.50","771.53","2.49%"
"Jun 10, 2020","773.46","769.85","773.80","762.63","0.47%"
"Jun 09, 2020","769.85","767.54","776.79","767.41","0.30%"
"Jun 08, 2020","767.54","766.79","772.57","765.54","0.10%"
"Jun 05, 2020","766.79","770.97","771.15","758.48","-0.54%"
"Jun 04, 2020","770.97","785.65","788.44","770.28","-1.87%"
"Jun 03, 2020","785.65","777.25","786.65","764.24","1.08%"
"Jun 02, 2020","777.25","792.78","792.91","777.25","-1.96%"
"Jun 01, 2020","792.78","799.05","804.20","790.75","-0.78%"
"May 29, 2020","799.05","808.85","813.84","798.55","-1.21%"
"May 28, 2020","808.85","820.18","821.07","807.33","-1.38%"
"May 27, 2020","820.18","806.83","822.21","806.03","1.65%"
"May 26, 2020","806.83","804.70","807.55","798.20","0.26%"
"May 25, 2020","804.70","808.45","809.18","801.47","-0.46%"
"May 22, 2020","808.45","803.85","808.70","801.74","0.57%"
"May 21, 2020","803.85","803.85","805.26","798.90","-0.01%"
"May 20, 2020","803.95","818.70","818.70","800.28","-1.80%"
"May 19, 2020","818.70","819.00","821.36","816.85","-0.04%"
"May 18, 2020","819.00","827.65","827.65","818.82","-1.05%"
"May 15, 2020","827.65","822.00","827.87","820.10","0.69%"
"May 14, 2020","822.00","816.63","827.02","816.49","0.66%"
"May 13, 2020","816.63","824.58","824.66","816.03","-0.96%"
"May 12, 2020","824.58","823.43","824.58","818.97","0.17%"
"May 11, 2020","823.22","825.80","830.06","822.35","-0.31%"
"May 08, 2020","825.80","836.76","838.29","823.87","-1.31%"
"May 07, 2020","836.76","842.63","842.72","833.00","-0.70%"
"May 06, 2020","842.63","835.15","842.65","834.83","0.90%"
"May 05, 2020","835.15","837.75","837.75","829.98","-0.31%"
"May 04, 2020","837.75","834.70","842.46","834.70","0.37%"
"May 01, 2020","834.70","834.70","837.01","834.24","0.00%"
"Apr 30, 2020","834.70","834.20","840.42","832.50","0.06%"
"Apr 29, 2020","834.20","844.60","845.21","833.49","-1.23%"
"Apr 28, 2020","844.60","856.85","858.84","843.75","-1.43%"
"Apr 27, 2020","856.85","857.25","861.04","854.18","-0.05%"
"Apr 24, 2020","857.25","860.01","863.02","856.99","-0.32%"
"Apr 23, 2020","860.01","858.65","862.71","853.63","0.16%"
"Apr 22, 2020","858.65","858.05","860.73","852.02","0.07%"
"Apr 21, 2020","858.05","857.05","866.07","856.93","0.12%"
"Apr 20, 2020","857.05","853.25","861.25","852.70","0.45%"
"Apr 17, 2020","853.25","852.35","855.22","842.00","0.11%"
"Apr 16, 2020","852.35","856.50","857.50","848.00","-0.48%"
"Apr 15, 2020","856.50","849.25","864.23","849.25","0.85%"
"Apr 14, 2020","849.25","849.88","852.74","841.83","-0.07%"
"Apr 13, 2020","849.88","841.38","851.92","833.15","1.01%"
"Apr 10, 2020","841.38","841.38","841.38","840.50","0.00%"
"Apr 09, 2020","841.38","844.13","846.50","835.01","-0.33%"
"Apr 08, 2020","844.13","859.10","859.10","843.95","-1.74%"
"Apr 07, 2020","859.10","850.51","859.55","833.41","1.01%"
"Apr 06, 2020","850.51","865.50","865.50","849.72","-1.80%"
"Apr 03, 2020","866.13","862.04","867.16","860.72","0.47%"
"Apr 02, 2020","862.04","865.24","866.70","856.66","-0.37%"
"Apr 01, 2020","865.24","855.85","867.89","853.95","1.10%"
"Mar 31, 2020","855.85","858.46","858.46","846.20","-0.30%"
"Mar 30, 2020","858.46","834.85","859.05","834.85","2.83%"
"Mar 27, 2020","834.85","827.55","838.28","827.55","0.88%"
"Mar 26, 2020","827.55","844.65","845.25","827.55","-2.02%"
"Mar 25, 2020","844.65","845.35","850.32","838.32","-0.08%"
"Mar 24, 2020","845.35","860.65","860.65","842.42","-1.78%"
"Mar 23, 2020","860.65","863.25","876.78","856.63","-0.30%"
"Mar 20, 2020","863.25","863.20","863.89","844.58","0.11%"
"Mar 19, 2020","862.34","867.95","878.96","856.10","-0.65%"
"Mar 18, 2020","867.95","848.25","869.58","848.25","2.32%"
"Mar 17, 2020","848.30","852.20","858.85","843.37","-0.59%"
"Mar 16, 2020","853.30","838.78","856.64","838.78","1.70%"
"Mar 13, 2020","839.00","849.42","849.42","833.87","-1.23%"
"Mar 12, 2020","849.42","841.58","858.83","841.58","0.97%"
"Mar 11, 2020","841.25","833.80","841.50","831.86","0.89%"
"Mar 10, 2020","833.80","838.84","838.84","830.26","-0.60%"
"Mar 09, 2020","838.84","827.14","849.32","827.14","1.48%"
"Mar 06, 2020","826.62","825.00","833.05","824.75","0.20%"
"Mar 05, 2020","825.00","819.84","826.99","819.84","0.62%"
"Mar 04, 2020","819.90","813.05","820.00","803.47","0.79%"
"Mar 03, 2020","813.50","812.50","815.48","800.48","0.15%"
"Mar 02, 2020","812.30","817.99","824.16","811.83","-0.69%"
"Feb 28, 2020","817.92","813.98","823.07","813.98","0.48%"
"Feb 27, 2020","813.98","812.01","818.75","811.65","0.23%"
"Feb 26, 2020","812.08","813.13","816.48","807.33","-0.13%"
"Feb 25, 2020","813.13","807.81","813.50","804.35","0.63%"
"Feb 24, 2020","808.00","803.28","813.88","803.28","0.62%"
"Feb 21, 2020","803.02","807.60","813.91","801.62","-0.56%"
"Feb 20, 2020","807.53","796.59","808.51","796.59","1.37%"
"Feb 19, 2020","796.65","797.34","800.24","795.07","-0.06%"
"Feb 18, 2020","797.10","793.60","799.65","793.50","0.49%"
"Feb 17, 2020","793.25","791.35","795.55","786.95","0.18%"
"Feb 14, 2020","791.85","794.26","797.59","789.90","-0.28%"
"Feb 13, 2020","794.05","791.03","798.23","791.03","0.37%"
"Feb 12, 2020","791.10","791.56","791.56","785.78","-0.11%"
"Feb 11, 2020","791.95","793.59","796.01","788.91","-0.24%"
"Feb 10, 2020","793.86","791.85","799.51","790.37","0.26%"
"Feb 07, 2020","791.78","783.70","795.42","783.70","1.01%"
"Feb 06, 2020","783.83","776.65","785.28","774.30","0.92%"
"Feb 05, 2020","776.65","781.65","781.65","773.83","-0.64%"
"Feb 04, 2020","781.65","787.15","787.15","778.10","-0.72%"
"Feb 03, 2020","787.35","800.18","800.35","784.07","-1.62%"
"Jan 31, 2020","800.30","797.77","802.96","796.77","0.45%"
"Jan 30, 2020","796.75","792.53","801.49","792.53","0.54%"
"Jan 29, 2020","792.50","785.62","794.05","785.62","0.86%"
"Jan 28, 2020","785.77","787.83","790.83","785.73","-0.30%"
"Jan 27, 2020","788.15","777.50","791.75","777.50","1.41%"
"Jan 24, 2020","777.21","777.02","779.38","774.92","0.09%"
"Jan 23, 2020","776.50","771.03","778.70","766.68","0.70%"
"Jan 22, 2020","771.08","774.20","774.20","770.27","-0.44%"
"Jan 21, 2020","774.50","770.28","774.50","768.35","0.48%"
"Jan 20, 2020","770.80","774.44","775.00","769.03","-0.40%"
"Jan 17, 2020","773.92","776.47","776.47","768.97","-0.32%"
"Jan 16, 2020","776.40","775.33","777.62","770.98","0.17%"
"Jan 15, 2020","775.10","769.99","776.22","768.96","0.64%"
"Jan 14, 2020","770.14","774.71","778.40","767.38","-0.57%"
"Jan 13, 2020","774.58","773.30","780.22","773.30","0.11%"
"Jan 10, 2020","773.75","768.40","774.41","766.65","0.75%"
"Jan 09, 2020","768.00","757.50","769.71","757.50","1.32%"
"Jan 08, 2020","757.98","769.33","772.38","757.05","-1.47%"
"Jan 07, 2020","769.27","772.97","776.85","767.88","-0.56%"
"Jan 06, 2020","773.60","764.46","775.28","764.46","1.21%"
"Jan 03, 2020","764.33","749.28","764.85","749.28","2.01%"
"Jan 02, 2020","749.28","752.15","756.92","749.28","-0.36%"
"Jan 01, 2020","751.95","751.95","751.95","751.95","0.00%"
"Dec 31, 2019","751.95","752.53","752.53","751.93","-0.19%"
"Dec 30, 2019","753.38","749.00","753.97","744.05","0.67%"
"Dec 27, 2019","748.35","746.05","750.00","743.00","0.31%"
"Dec 26, 2019","746.05","750.28","750.50","744.50","-0.72%"
"Dec 25, 2019","751.49","748.52","751.49","748.52","0.33%"
"Dec 24, 2019","749.03","752.85","753.03","747.55","-0.51%"
"Dec 23, 2019","752.85","757.00","758.45","751.58","-0.55%"
"Dec 20, 2019","757.00","754.12","757.00","746.53","0.38%"
"Dec 19, 2019","754.12","751.38","754.75","750.43","0.32%"
"Dec 18, 2019","751.70","756.60","757.80","750.56","-0.58%"
"Dec 17, 2019","756.10","761.30","761.30","754.15","-0.71%"
"Dec 16, 2019","761.50","764.12","766.94","760.11","-0.38%"
"Dec 13, 2019","764.40","768.37","769.92","760.45","-0.48%"
"Dec 12, 2019","768.10","769.83","771.47","765.20","-0.33%"
"Dec 11, 2019","770.63","780.75","780.75","768.45","-1.21%"
"Dec 10, 2019","780.10","772.98","780.59","772.63","0.92%"
"Dec 09, 2019","773.00","776.47","776.47","767.55","-0.48%"
"Dec 06, 2019","776.75","781.58","783.58","775.08","-0.68%"
"Dec 05, 2019","782.05","788.22","788.25","780.66","-0.72%"
"Dec 04, 2019","787.75","802.76","802.76","786.98","-1.92%"
"Dec 03, 2019","803.15","804.47","807.52","799.50","-0.07%"
"Dec 02, 2019","803.70","798.70","808.72","798.30","-0.13%"
"Nov 29, 2019","804.75","829.42","829.42","797.42","-2.92%"
"Nov 28, 2019","828.92","817.92","839.30","817.92","1.33%"
"Nov 27, 2019","818.00","798.88","821.00","797.00","2.51%"
"Nov 26, 2019","798.00","792.05","801.10","789.83","0.76%"
"Nov 25, 2019","792.02","799.61","799.61","787.12","-0.99%"
"Nov 22, 2019","799.90","796.02","801.98","792.82","0.52%"
"Nov 21, 2019","795.75","790.83","799.68","790.78","0.59%"
"Nov 20, 2019","791.11","787.50","802.91","787.50","0.46%"
"Nov 19, 2019","787.50","776.50","789.46","772.25","1.42%"
"Nov 18, 2019","776.50","771.15","780.80","762.71","0.24%"
"Nov 15, 2019","774.62","802.45","802.45","774.50","-3.58%"
"Nov 14, 2019","803.42","794.95","808.90","790.33","1.11%"
"Nov 13, 2019","794.62","780.83","800.07","780.83","1.83%"
"Nov 12, 2019","780.33","758.98","800.48","758.98","2.80%"
"Nov 11, 2019","759.05","747.69","759.12","747.69","1.49%"
"Nov 08, 2019","747.92","742.13","748.38","742.13","0.80%"
"Nov 07, 2019","742.00","740.07","743.89","735.66","0.24%"
"Nov 06, 2019","740.20","748.28","749.68","739.65","-1.04%"
"Nov 05, 2019","747.98","741.33","750.48","739.95","0.87%"
"Nov 04, 2019","741.50","741.25","741.91","732.88","0.10%"
"Nov 01, 2019","740.75","740.75","742.11","739.96","-0.11%"
"Oct 31, 2019","741.58","739.40","742.36","739.40","0.29%"
"Oct 30, 2019","739.40","728.52","742.23","727.07","1.66%"
"Oct 29, 2019","727.35","723.10","729.06","722.77","0.53%"
"Oct 28, 2019","723.52","726.83","728.48","721.12","-0.48%"
"Oct 25, 2019","727.00","724.38","729.48","722.98","0.32%"
"Oct 24, 2019","724.71","726.50","727.42","720.86","-0.25%"
"Oct 23, 2019","726.50","724.50","729.15","722.46","0.28%"
"Oct 22, 2019","724.50","726.40","729.68","721.55","-0.30%"
"Oct 21, 2019","726.71","711.16","728.30","711.16","2.26%"
"Oct 18, 2019","710.67","711.95","712.75","708.10","-0.18%"
"Oct 17, 2019","711.95","716.86","718.60","711.42","-0.68%"
"Oct 16, 2019","716.83","715.83","721.12","714.05","0.14%"
"Oct 15, 2019","715.82","713.29","717.91","712.41","0.34%"
"Oct 14, 2019","713.40","710.46","714.27","710.46","0.41%"
"Oct 11, 2019","710.46","719.46","719.46","709.99","-1.19%"
"Oct 10, 2019","719.00","723.99","724.61","717.28","-0.65%"
"Oct 09, 2019","723.70","725.74","725.74","722.30","-0.25%"
"Oct 08, 2019","725.50","718.79","725.63","718.79","0.92%"
"Oct 07, 2019","718.86","714.71","719.48","714.71","0.54%"
"Oct 04, 2019","715.03","716.82","717.60","714.50","-0.22%"
"Oct 03, 2019","716.62","724.63","725.61","716.25","-1.09%"
"Oct 02, 2019","724.50","729.18","730.45","723.52","-0.64%"
"Oct 01, 2019","729.18","728.62","731.58","727.83","0.06%"
"Sep 30, 2019","728.75","726.28","729.36","726.18","0.34%"
"Sep 27, 2019","726.28","726.87","727.83","724.50","-0.05%"
"Sep 26, 2019","726.62","727.46","728.67","724.23","-0.03%"
"Sep 25, 2019","726.85","723.49","728.93","723.49","0.50%"
"Sep 24, 2019","723.22","721.18","724.43","718.98","0.24%"
"Sep 23, 2019","721.50","718.08","725.01","716.34","0.55%"
"Sep 20, 2019","717.53","716.10","718.26","716.10","0.20%"
"Sep 19, 2019","716.10","715.25","718.00","715.25","0.02%"
"Sep 18, 2019","715.95","715.66","717.60","714.23","0.13%"
"Sep 17, 2019","715.00","709.64","717.61","709.64","0.75%"
"Sep 16, 2019","709.65","707.33","713.09","707.33","0.30%"
"Sep 13, 2019","707.50","708.99","709.28","704.87","-0.20%"
"Sep 12, 2019","708.92","715.99","715.99","708.74","-1.00%"
"Sep 11, 2019","716.08","712.05","717.12","710.22","0.55%"
"Sep 10, 2019","712.15","714.95","716.89","711.50","-0.39%"
"Sep 09, 2019","714.95","711.52","717.06","709.12","0.46%"
"Sep 06, 2019","711.65","715.76","715.76","708.81","-0.58%"
"Sep 05, 2019","715.83","723.16","723.16","712.59","-0.96%"
"Sep 04, 2019","722.77","725.16","726.00","721.65","-0.34%"
"Sep 03, 2019","725.25","724.96","727.66","724.10","0.00%"
"Sep 02, 2019","725.25","722.15","726.45","722.15","0.55%"
"Aug 30, 2019","721.25","721.12","722.38","718.28","0.05%"
"Aug 29, 2019","720.92","723.67","723.72","718.53","-0.36%"
"Aug 28, 2019","723.51","723.22","726.82","721.41","0.06%"
"Aug 27, 2019","723.08","719.71","723.92","717.61","0.47%"
"Aug 26, 2019","719.70","719.58","720.30","716.36","0.00%"
"Aug 23, 2019","719.70","715.26","719.70","713.05","0.65%"
"Aug 22, 2019","715.07","711.55","715.92","710.24","0.47%"
"Aug 21, 2019","711.75","709.45","712.43","706.27","0.34%"
"Aug 20, 2019","709.33","713.60","714.28","708.33","-0.59%"
"Aug 19, 2019","713.56","708.15","714.44","707.00","0.76%"
"Aug 16, 2019","708.15","711.20","711.57","708.03","-0.36%"
"Aug 15, 2019","710.70","710.96","712.02","710.36","-0.07%"
"Aug 14, 2019","711.20","704.16","713.03","704.16","1.05%"
"Aug 13, 2019","703.78","713.98","716.45","702.78","-1.41%"
"Aug 12, 2019","713.85","710.04","720.30","710.04","0.52%"
"Aug 09, 2019","710.14","710.06","713.52","710.05","0.03%"
"Aug 08, 2019","709.92","714.16","714.16","708.63","-0.63%"
"Aug 07, 2019","714.42","715.23","721.21","713.73","-0.03%"
"Aug 06, 2019","714.62","720.93","720.93","714.61","-0.89%"
"Aug 05, 2019","721.03","712.92","724.65","712.80","1.12%"
"Aug 02, 2019","713.05","706.92","714.02","706.92","0.89%"
"Aug 01, 2019","706.73","703.64","707.55","702.68","0.45%"
"Jul 31, 2019","703.58","699.07","704.13","696.77","0.68%"
"Jul 30, 2019","698.86","697.03","702.36","696.71","0.40%"
"Jul 29, 2019","696.10","695.61","698.77","695.34","0.12%"
"Jul 26, 2019","695.25","696.32","699.21","693.90","-0.18%"
"Jul 25, 2019","696.51","690.91","697.13","688.52","0.83%"
"Jul 24, 2019","690.78","691.47","693.47","689.72","-0.10%"
"Jul 23, 2019","691.50","689.18","693.93","688.89","0.34%"
"Jul 22, 2019","689.15","688.34","689.59","687.19","0.12%"
"Jul 19, 2019","688.31","682.45","688.76","681.42","0.85%"
"Jul 18, 2019","682.48","682.38","684.59","681.64","0.01%"
"Jul 17, 2019","682.38","681.76","682.89","679.92","0.06%"
"Jul 16, 2019","681.96","679.36","682.45","679.36","0.38%"
"Jul 15, 2019","679.36","679.95","681.37","677.25","-0.06%"
"Jul 12, 2019","679.75","680.74","682.83","678.97","-0.14%"
"Jul 11, 2019","680.70","686.35","686.48","680.30","-0.78%"
"Jul 10, 2019","686.04","688.58","688.75","683.98","-0.33%"
"Jul 09, 2019","688.33","687.90","691.76","686.23","0.08%"
"Jul 08, 2019","687.80","683.84","687.94","680.97","0.56%"
"Jul 05, 2019","684.00","679.29","685.05","678.25","0.74%"
"Jul 04, 2019","678.99","677.95","679.45","675.60","0.12%"
"Jul 03, 2019","678.15","680.21","681.95","677.65","-0.32%"
"Jul 02, 2019","680.35","680.59","683.26","679.35","0.02%"
"Jul 01, 2019","680.23","677.77","680.98","674.20","0.40%"
"Jun 28, 2019","677.50","679.88","680.95","676.75","-0.35%"
"Jun 27, 2019","679.85","679.42","682.31","678.30","0.08%"
"Jun 26, 2019","679.33","681.80","681.80","678.76","-0.36%"
"Jun 25, 2019","681.80","680.55","681.95","676.46","0.18%"
"Jun 24, 2019","680.55","683.78","684.86","680.00","-0.45%"
"Jun 21, 2019","683.65","683.82","685.79","680.67","-0.03%"
"Jun 20, 2019","683.88","690.88","690.89","681.96","-1.01%"
"Jun 19, 2019","690.88","695.93","697.04","690.65","-0.73%"
"Jun 18, 2019","695.93","699.95","699.95","694.73","-0.57%"
"Jun 17, 2019","699.95","699.39","701.44","698.09","0.07%"
"Jun 14, 2019","699.46","696.25","701.47","696.03","0.48%"
"Jun 13, 2019","696.11","695.30","697.53","693.94","0.09%"
"Jun 12, 2019","695.48","693.07","696.28","692.43","0.38%"
"Jun 11, 2019","692.82","699.87","699.87","692.70","-0.99%"
"Jun 10, 2019","699.75","693.08","700.43","691.56","0.98%"
"Jun 07, 2019","692.96","692.66","694.02","690.89","0.05%"
"Jun 06, 2019","692.60","693.00","695.44","689.39","-0.07%"
"Jun 05, 2019","693.07","693.32","695.73","691.23","-0.03%"
"Jun 04, 2019","693.25","703.46","703.46","692.95","-1.46%"
"Jun 03, 2019","703.52","709.78","711.00","700.40","-0.88%"
"May 31, 2019","709.78","709.90","715.60","706.18","-0.02%"
"May 30, 2019","709.90","704.68","710.27","704.67","0.74%"
"May 29, 2019","704.68","707.50","710.46","704.13","-0.40%"
"May 28, 2019","707.50","698.83","708.83","697.55","1.27%"
"May 27, 2019","698.65","693.70","698.65","692.85","0.68%"
"May 24, 2019","693.90","696.50","696.66","693.30","-0.37%"
"May 23, 2019","696.48","697.61","700.58","695.75","-0.15%"
"May 22, 2019","697.54","694.87","698.51","693.90","0.40%"
"May 21, 2019","694.76","696.04","697.18","694.36","-0.20%"
"May 20, 2019","696.15","697.11","699.59","695.25","-0.15%"
"May 17, 2019","697.17","694.07","699.13","694.07","0.39%"
"May 16, 2019","694.45","692.15","695.34","689.59","0.39%"
"May 15, 2019","691.77","692.08","695.09","690.48","-0.04%"
"May 14, 2019","692.08","693.36","693.85","691.09","-0.18%"
"May 13, 2019","693.36","686.15","695.40","685.88","1.07%"
"May 10, 2019","686.02","684.62","688.13","683.08","0.19%"
"May 09, 2019","684.75","684.39","688.51","683.38","0.07%"
"May 08, 2019","684.25","684.45","686.65","682.63","-0.05%"
"May 07, 2019","684.62","678.75","685.12","677.75","0.86%"
"May 06, 2019","678.75","677.00","683.12","677.00","0.26%"
"May 03, 2019","677.00","681.77","682.64","677.00","-0.70%"
"May 02, 2019","681.77","677.64","685.38","677.64","0.50%"
"May 01, 2019","678.39","678.02","679.15","676.93","0.10%"
"Apr 30, 2019","677.73","679.06","680.97","676.39","-0.07%"
"Apr 29, 2019","678.21","675.17","680.12","673.61","0.45%"
"Apr 26, 2019","675.17","674.68","676.26","672.72","0.06%"
"Apr 25, 2019","674.75","672.97","678.12","672.27","0.27%"
"Apr 24, 2019","672.90","667.80","674.73","667.18","0.75%"
"Apr 23, 2019","667.90","664.43","670.37","663.77","0.53%"
"Apr 22, 2019","664.40","662.20","665.03","661.54","0.33%"
"Apr 19, 2019","662.20","662.20","662.69","661.13","0.00%"
"Apr 18, 2019","662.20","662.05","664.02","660.90","0.02%"
"Apr 17, 2019","662.05","661.90","662.36","658.73","0.03%"
"Apr 16, 2019","661.84","661.00","664.99","661.00","0.14%"
"Apr 15, 2019","660.93","660.95","664.35","659.77","-0.02%"
"Apr 12, 2019","661.08","663.90","663.90","658.72","-0.42%"
"Apr 11, 2019","663.90","662.35","665.84","661.69","0.23%"
"Apr 10, 2019","662.35","664.73","664.73","661.63","-0.36%"
"Apr 09, 2019","664.73","663.98","665.11","661.05","0.11%"
"Apr 08, 2019","663.98","665.30","665.30","661.65","-0.20%"
"Apr 05, 2019","665.30","665.01","666.41","662.88","0.03%"
"Apr 04, 2019","665.08","667.54","668.75","664.51","-0.37%"
"Apr 03, 2019","667.54","673.40","673.40","665.54","-0.87%"
"Apr 02, 2019","673.40","668.79","674.53","666.75","0.69%"
"Apr 01, 2019","668.79","680.50","680.50","668.65","-1.72%"
"Mar 29, 2019","680.50","681.76","681.76","676.26","-0.18%"
"Mar 28, 2019","681.70","681.44","684.39","678.04","0.03%"
"Mar 27, 2019","681.50","680.64","686.88","680.64","0.13%"
"Mar 26, 2019","680.64","679.84","681.50","677.18","0.14%"
"Mar 25, 2019","679.71","678.55","680.67","677.68","0.12%"
"Mar 22, 2019","678.88","667.68","680.66","667.68","1.73%"
"Mar 21, 2019","667.36","662.38","670.21","659.62","0.74%"
"Mar 20, 2019","662.45","667.29","667.85","661.69","-0.74%"
"Mar 19, 2019","667.36","665.96","667.42","663.00","0.21%"
"Mar 18, 2019","665.96","669.96","669.96","665.47","-0.60%"
"Mar 15, 2019","669.96","671.75","671.75","667.91","-0.27%"
"Mar 14, 2019","671.75","668.55","673.00","668.55","0.45%"
"Mar 13, 2019","668.75","665.73","670.65","664.19","0.49%"
"Mar 12, 2019","665.50","670.63","670.63","664.93","-0.78%"
"Mar 11, 2019","670.73","671.20","671.60","667.19","-0.09%"
"Mar 08, 2019","671.33","667.45","673.65","667.45","0.56%"
"Mar 07, 2019","667.62","660.79","668.66","659.62","1.11%"
"Mar 06, 2019","660.29","657.79","660.50","655.50","0.38%"
"Mar 05, 2019","657.79","660.16","660.16","655.98","-0.37%"
"Mar 04, 2019","660.20","659.75","662.56","657.86","0.07%"
"Mar 01, 2019","659.75","655.86","659.91","653.82","0.60%"
"Feb 28, 2019","655.83","649.25","657.00","648.38","1.01%"
"Feb 27, 2019","649.25","648.05","651.90","647.12","0.17%"
"Feb 26, 2019","648.18","650.71","651.46","647.80","-0.37%"
"Feb 25, 2019","650.58","651.25","651.25","647.59","-0.10%"
"Feb 22, 2019","651.25","654.54","654.54","649.57","-0.50%"
"Feb 21, 2019","654.54","653.21","655.93","651.73","0.20%"
"Feb 20, 2019","653.21","655.57","656.73","652.38","-0.37%"
"Feb 19, 2019","655.63","661.01","662.21","655.23","-0.79%"
"Feb 18, 2019","660.88","661.82","661.86","659.25","-0.16%"
"Feb 15, 2019","661.95","664.45","666.09","661.76","-0.38%"
"Feb 14, 2019","664.45","663.69","667.84","663.27","0.13%"
"Feb 13, 2019","663.62","660.26","664.62","659.62","0.50%"
"Feb 12, 2019","660.33","661.93","662.70","658.89","-0.24%"
"Feb 11, 2019","661.93","658.01","663.54","658.01","0.59%"
"Feb 08, 2019","658.08","658.62","659.43","654.36","-0.07%"
"Feb 07, 2019","658.55","654.83","658.58","652.59","0.57%"
"Feb 06, 2019","654.83","651.54","656.42","651.19","0.51%"
"Feb 05, 2019","651.48","652.51","654.13","648.62","-0.17%"
"Feb 04, 2019","652.58","653.87","656.17","650.53","-0.22%"
"Feb 01, 2019","654.00","655.93","659.00","651.40","-0.27%"
"Jan 31, 2019","655.80","663.92","664.19","652.29","-1.21%"
"Jan 30, 2019","663.86","667.45","669.25","663.62","-0.54%"
"Jan 29, 2019","667.45","670.85","671.34","666.77","-0.51%"
"Jan 28, 2019","670.85","669.54","673.27","667.52","0.20%"
"Jan 25, 2019","669.54","672.15","672.15","665.02","-0.39%"
"Jan 24, 2019","672.15","672.23","674.43","668.83","-0.01%"
"Jan 23, 2019","672.23","673.77","673.89","670.18","-0.23%"
"Jan 22, 2019","673.77","672.21","674.58","670.48","0.23%"
"Jan 21, 2019","672.21","671.15","674.17","670.74","0.16%"
"Jan 18, 2019","671.15","670.54","671.73","668.30","0.09%"
"Jan 17, 2019","670.54","668.97","672.98","667.62","0.23%"
"Jan 16, 2019","668.97","675.54","676.26","668.62","-0.97%"
"Jan 15, 2019","675.54","673.71","675.58","671.25","0.27%"
"Jan 14, 2019","673.71","674.86","678.71","672.67","-0.17%"
"Jan 11, 2019","674.86","675.86","676.77","672.75","-0.15%"
"Jan 10, 2019","675.86","676.00","679.90","674.52","-0.02%"
"Jan 09, 2019","676.00","680.50","682.38","675.75","-0.65%"
"Jan 08, 2019","680.40","681.27","682.92","677.74","-0.13%"
"Jan 07, 2019","681.30","681.12","682.55","677.13","0.01%"
"Jan 04, 2019","681.21","693.77","693.89","681.21","-1.81%"
"Jan 03, 2019","693.77","696.75","700.35","693.11","-0.43%"
"Jan 02, 2019","696.75","693.20","699.95","693.20","0.40%"
"Jan 01, 2019","694.00","694.00","694.00","694.00","0.00%"
"Dec 31, 2018","694.00","694.23","694.23","693.54","0.00%"
"Dec 28, 2018","694.00","697.57","697.57","691.85","-0.46%"
"Dec 27, 2018","697.23","693.64","698.45","692.02","0.52%"
"Dec 26, 2018","693.64","690.58","696.65","689.98","0.51%"
"Dec 25, 2018","690.10","690.10","690.10","690.10","0.00%"
"Dec 24, 2018","690.10","693.82","695.08","689.17","-0.49%"
"Dec 21, 2018","693.50","691.25","694.26","689.06","0.33%"
"Dec 20, 2018","691.25","690.75","691.88","684.61","0.07%"
"Dec 19, 2018","690.75","690.11","691.50","686.64","0.11%"
"Dec 18, 2018","690.01","688.28","690.95","685.79","0.26%"
"Dec 17, 2018","688.25","683.62","688.45","681.43","0.66%"
"Dec 14, 2018","683.75","682.25","688.58","682.25","0.22%"
"Dec 13, 2018","682.25","678.09","684.06","676.30","0.60%"
"Dec 12, 2018","678.15","683.65","683.83","676.98","-0.80%"
"Dec 11, 2018","683.65","678.41","684.71","675.62","0.78%"
"Dec 10, 2018","678.35","674.80","680.80","673.79","0.53%"
"Dec 07, 2018","674.75","675.57","677.30","671.05","-0.12%"
"Dec 06, 2018","675.55","672.64","679.22","672.64","0.43%"
"Dec 05, 2018","672.65","670.65","674.28","668.56","0.30%"
"Dec 04, 2018","670.65","669.20","670.85","664.75","0.22%"
"Dec 03, 2018","669.20","671.63","671.63","663.60","-0.36%"
"Nov 30, 2018","671.63","670.50","674.42","669.11","0.17%"
"Nov 29, 2018","670.50","668.97","671.59","667.44","0.24%"
"Nov 28, 2018","668.90","675.35","676.25","669.29","-0.96%"
"Nov 27, 2018","675.41","676.80","678.26","674.58","-0.21%"
"Nov 26, 2018","676.80","674.28","678.26","673.03","0.32%"
"Nov 23, 2018","674.67","668.73","676.50","668.73","0.94%"
"Nov 22, 2018","668.40","666.48","669.17","664.46","0.29%"
"Nov 21, 2018","666.48","671.87","671.95","665.79","-0.78%"
"Nov 20, 2018","671.74","669.57","673.29","669.39","0.32%"
"Nov 19, 2018","669.60","669.91","672.75","666.46","-0.04%"
"Nov 16, 2018","669.88","673.65","677.45","669.75","-0.56%"
"Nov 15, 2018","673.65","682.52","682.52","673.33","-1.29%"
"Nov 14, 2018","682.48","691.33","692.00","682.14","-1.30%"
"Nov 13, 2018","691.50","687.64","693.99","684.98","0.57%"
"Nov 12, 2018","687.58","684.49","688.44","682.68","0.46%"
"Nov 09, 2018","684.46","677.75","685.17","677.75","0.99%"
"Nov 08, 2018","677.75","675.53","678.84","672.87","0.34%"
"Nov 07, 2018","675.47","680.40","680.40","673.20","-0.74%"
"Nov 06, 2018","680.50","679.38","682.65","677.25","0.16%"
"Nov 05, 2018","679.38","685.40","687.66","678.56","-0.94%"
"Nov 02, 2018","685.82","688.98","688.98","685.82","-0.38%"
"Nov 01, 2018","688.45","695.81","695.81","687.47","-1.08%"
"Oct 31, 2018","696.00","693.52","701.14","691.50","0.36%"
"Oct 30, 2018","693.52","693.48","695.42","691.34","0.01%"
"Oct 29, 2018","693.48","687.36","693.48","684.64","0.85%"
"Oct 26, 2018","687.64","687.61","693.63","686.93","0.05%"
"Oct 25, 2018","687.33","690.72","690.88","685.28","-0.47%"
"Oct 24, 2018","690.60","682.13","690.60","682.03","1.24%"
"Oct 23, 2018","682.13","682.35","687.67","681.88","-0.03%"
"Oct 22, 2018","682.35","679.74","683.73","675.99","0.37%"
"Oct 19, 2018","679.86","676.23","681.36","672.25","0.54%"
"Oct 18, 2018","676.23","673.79","677.68","670.36","0.38%"
"Oct 17, 2018","673.68","669.21","673.80","668.16","0.65%"
"Oct 16, 2018","669.33","676.12","677.35","667.13","-1.04%"
"Oct 15, 2018","676.34","680.06","680.32","676.34","-0.49%"
"Oct 12, 2018","679.65","683.28","683.28","675.20","-0.55%"
"Oct 11, 2018","683.42","688.31","688.31","680.09","-0.70%"
"Oct 10, 2018","688.25","680.75","688.25","680.33","1.10%"
"Oct 09, 2018","680.75","678.98","686.67","678.98","0.25%"
"Oct 08, 2018","679.08","676.00","683.15","675.12","0.46%"
"Oct 05, 2018","676.00","675.25","678.10","668.14","0.11%"
"Oct 04, 2018","675.25","663.92","676.83","663.16","1.72%"
"Oct 03, 2018","663.86","661.45","664.45","657.29","0.36%"
"Oct 02, 2018","661.48","658.79","662.49","655.27","0.41%"
"Oct 01, 2018","658.79","657.77","659.10","653.54","0.14%"
"Sep 28, 2018","657.84","659.96","664.05","656.20","-0.31%"
"Sep 27, 2018","659.90","663.06","665.49","658.11","-0.47%"
"Sep 26, 2018","663.00","666.63","668.89","660.53","-0.56%"
"Sep 25, 2018","666.75","673.25","675.54","666.64","-0.97%"
"Sep 24, 2018","673.25","666.34","673.50","664.74","0.98%"
"Sep 21, 2018","666.71","667.42","671.32","663.20","-0.04%"
"Sep 20, 2018","667.00","679.47","681.78","666.50","-1.88%"
"Sep 19, 2018","679.75","683.86","684.36","679.67","-0.60%"
"Sep 18, 2018","683.86","686.37","687.12","682.20","-0.35%"
"Sep 17, 2018","686.25","687.20","688.33","683.73","-0.11%"
"Sep 14, 2018","687.00","682.10","688.53","678.82","0.72%"
"Sep 13, 2018","682.06","689.20","689.20","679.58","-1.04%"
"Sep 12, 2018","689.20","696.84","696.84","687.03","-1.10%"
"Sep 11, 2018","696.90","696.44","701.19","695.98","0.08%"
"Sep 10, 2018","696.35","690.47","696.90","689.05","0.78%"
"Sep 07, 2018","690.93","687.30","693.83","684.84","0.58%"
"Sep 06, 2018","686.93","685.88","690.53","681.08","0.13%"
"Sep 05, 2018","686.05","692.30","696.70","685.95","-0.87%"
"Sep 04, 2018","692.10","683.06","696.26","683.06","1.30%"
"Sep 03, 2018","683.25","681.50","686.45","680.87","0.24%"
"Aug 31, 2018","681.62","679.55","683.88","677.08","0.31%"
"Aug 30, 2018","679.48","668.00","681.21","668.00","1.75%"
"Aug 29, 2018","667.79","663.10","668.39","662.99","0.73%"
"Aug 28, 2018","662.92","658.99","663.04","654.26","0.57%"
"Aug 27, 2018","659.15","660.79","662.25","654.88","-0.25%"
"Aug 24, 2018","660.79","669.80","669.80","659.59","-1.34%"
"Aug 23, 2018","669.75","661.96","670.08","661.89","1.16%"
"Aug 22, 2018","662.08","664.05","664.80","657.91","-0.29%"
"Aug 21, 2018","664.00","668.57","668.93","662.09","-0.67%"
"Aug 20, 2018","668.51","667.70","672.57","663.57","0.12%"
"Aug 17, 2018","667.70","669.39","671.81","665.24","-0.27%"
"Aug 16, 2018","669.50","669.45","672.25","662.25","0.27%"
"Aug 15, 2018","667.70","664.33","667.78","664.30","0.49%"
"Aug 14, 2018","664.42","660.41","665.49","656.99","0.62%"
"Aug 13, 2018","660.35","654.29","661.88","654.20","0.94%"
"Aug 10, 2018","654.20","647.08","656.00","646.87","1.11%"
"Aug 09, 2018","647.05","645.56","648.45","643.05","0.28%"
"Aug 08, 2018","645.23","643.12","645.91","642.41","0.33%"
"Aug 07, 2018","643.12","646.88","646.88","640.23","-0.58%"
"Aug 06, 2018","646.88","643.98","648.32","643.34","0.45%"
"Aug 03, 2018","643.98","645.17","645.85","641.92","-0.20%"
"Aug 02, 2018","645.28","642.92","647.63","642.03","0.36%"
"Aug 01, 2018","642.95","637.51","643.55","637.51","0.89%"
"Jul 31, 2018","637.25","638.59","641.62","635.92","-0.21%"
"Jul 30, 2018","638.60","643.21","643.21","636.56","-0.74%"
"Jul 27, 2018","643.36","647.48","649.15","641.09","-0.63%"
"Jul 26, 2018","647.42","646.08","649.65","644.53","0.21%"
"Jul 25, 2018","646.05","654.75","654.75","645.50","-1.33%"
"Jul 24, 2018","654.75","662.60","663.22","653.05","-1.11%"
"Jul 23, 2018","662.12","661.09","665.13","659.51","0.22%"
"Jul 20, 2018","660.68","663.79","663.79","656.47","-0.48%"
"Jul 19, 2018","663.85","652.75","664.83","652.75","1.70%"
"Jul 18, 2018","652.75","654.22","659.15","652.25","-0.17%"
"Jul 17, 2018","653.85","650.33","655.17","650.33","0.57%"
"Jul 16, 2018","650.13","650.28","651.28","648.88","-0.04%"
"Jul 13, 2018","650.42","649.23","651.73","646.84","0.20%"
"Jul 12, 2018","649.09","653.12","653.12","645.75","-0.61%"
"Jul 11, 2018","653.08","648.36","654.55","646.65","0.74%"
"Jul 10, 2018","648.28","650.67","653.60","645.65","-0.35%"
"Jul 09, 2018","650.55","657.05","657.75","649.72","-0.97%"
"Jul 06, 2018","656.95","656.24","659.24","653.93","0.07%"
"Jul 05, 2018","656.48","651.39","658.09","649.29","0.75%"
"Jul 04, 2018","651.60","650.43","655.89","650.42","0.26%"
"Jul 03, 2018","649.88","657.55","658.05","648.95","-1.20%"
"Jul 02, 2018","657.75","654.05","659.22","653.40","0.58%"
"Jun 29, 2018","653.94","649.50","655.84","646.88","0.68%"
"Jun 28, 2018","649.50","646.32","650.17","645.23","0.51%"
"Jun 27, 2018","646.21","640.93","647.71","640.43","0.81%"
"Jun 26, 2018","641.02","638.71","641.57","637.54","0.37%"
"Jun 25, 2018","638.65","638.28","640.78","637.64","0.06%"
"Jun 22, 2018","638.25","640.07","640.07","635.72","-0.29%"
"Jun 21, 2018","640.12","640.44","642.25","636.43","-0.05%"
"Jun 20, 2018","640.44","640.20","641.50","636.57","0.05%"
"Jun 19, 2018","640.14","636.72","643.16","636.72","0.53%"
"Jun 18, 2018","636.75","632.62","639.08","632.62","0.64%"
"Jun 15, 2018","632.70","638.21","639.60","631.08","-0.86%"
"Jun 14, 2018","638.21","634.58","638.64","630.62","0.58%"
"Jun 13, 2018","634.50","637.55","638.45","632.12","-0.49%"
"Jun 12, 2018","637.60","633.34","638.02","630.90","0.69%"
"Jun 11, 2018","633.25","630.00","634.00","630.00","0.51%"
"Jun 08, 2018","630.05","631.09","632.03","628.68","-0.17%"
"Jun 07, 2018","631.14","628.14","633.38","626.29","0.52%"
"Jun 06, 2018","627.87","633.69","633.69","627.07","-0.93%"
"Jun 05, 2018","633.75","631.39","635.59","630.59","0.38%"
"Jun 04, 2018","631.34","631.47","631.93","628.10","-0.02%"
"Jun 01, 2018","631.49","630.59","634.36","629.66","0.14%"
"May 31, 2018","630.59","627.69","632.91","627.00","0.47%"
"May 30, 2018","627.62","629.79","629.98","625.52","-0.29%"
"May 29, 2018","629.45","624.42","630.45","624.40","0.80%"
"May 28, 2018","624.48","624.82","626.09","623.33","-0.04%"
"May 25, 2018","624.76","626.91","627.94","622.78","-0.33%"
"May 24, 2018","626.86","622.95","627.28","619.64","0.62%"
"May 23, 2018","623.00","624.20","629.85","621.14","-0.19%"
"May 22, 2018","624.20","636.80","636.80","623.23","-2.02%"
"May 21, 2018","637.05","637.74","637.88","635.99","-0.07%"
"May 18, 2018","637.50","632.73","639.02","632.10","0.76%"
"May 17, 2018","632.71","631.02","633.98","629.82","0.30%"
"May 16, 2018","630.79","632.79","636.12","629.03","-0.27%"
"May 15, 2018","632.50","625.36","636.17","624.73","1.13%"
"May 14, 2018","625.41","618.46","626.34","617.57","0.93%"
"May 11, 2018","619.63","623.58","623.58","616.13","-0.57%"
"May 10, 2018","623.20","634.46","634.46","622.80","-1.76%"
"May 09, 2018","634.38","634.40","635.00","630.23","-0.00%"
"May 08, 2018","634.40","629.45","639.58","628.68","0.79%"
"May 07, 2018","629.41","622.22","629.91","622.22","1.15%"
"May 04, 2018","622.25","618.54","622.57","618.54","0.60%"
"May 03, 2018","618.55","617.44","621.30","615.53","0.18%"
"May 02, 2018","617.42","616.22","619.40","614.75","0.58%"
"May 01, 2018","613.84","613.73","614.42","613.48","0.08%"
"Apr 30, 2018","613.36","606.18","614.37","606.18","1.19%"
"Apr 27, 2018","606.17","602.89","608.03","602.54","0.56%"
"Apr 26, 2018","602.78","604.03","605.09","602.50","-0.19%"
"Apr 25, 2018","603.94","599.04","605.39","599.04","0.89%"
"Apr 24, 2018","598.60","602.95","602.95","598.53","-0.73%"
"Apr 23, 2018","603.00","596.36","603.11","596.36","1.12%"
"Apr 20, 2018","596.34","595.42","597.64","595.08","0.16%"
"Apr 19, 2018","595.40","594.11","596.30","593.45","0.22%"
"Apr 18, 2018","594.08","596.54","596.54","593.40","-0.41%"
"Apr 17, 2018","596.52","596.04","596.80","594.47","0.07%"
"Apr 16, 2018","596.13","596.06","597.16","593.80","0.01%"
"Apr 13, 2018","596.06","596.78","596.78","593.89","-0.12%"
"Apr 12, 2018","596.78","597.68","599.45","595.56","-0.15%"
"Apr 11, 2018","597.68","600.34","601.90","596.85","-0.44%"
"Apr 10, 2018","600.35","604.24","604.24","599.97","-0.65%"
"Apr 09, 2018","604.25","604.73","606.36","602.76","-0.08%"
"Apr 06, 2018","604.75","603.86","606.26","603.78","0.14%"
"Apr 05, 2018","603.88","602.76","604.12","601.20","0.18%"
"Apr 04, 2018","602.81","602.80","606.25","602.35","0.01%"
"Apr 03, 2018","602.75","605.50","605.69","602.15","-0.42%"
"Apr 02, 2018","605.28","604.00","607.07","602.10","0.23%"
"Mar 30, 2018","603.90","603.90","604.00","603.90","0.00%"
"Mar 29, 2018","603.90","604.65","605.80","602.60","-0.04%"
"Mar 28, 2018","604.13","606.91","607.53","604.13","-0.36%"
"Mar 27, 2018","606.30","605.18","607.17","604.38","0.26%"
"Mar 26, 2018","604.70","608.79","609.65","604.16","-0.60%"
"Mar 23, 2018","608.38","609.03","609.53","606.95","-0.11%"
"Mar 22, 2018","609.08","604.18","609.15","603.90","0.82%"
"Mar 21, 2018","604.15","609.90","609.90","603.47","-0.96%"
"Mar 20, 2018","609.98","609.40","611.28","608.13","0.11%"
"Mar 19, 2018","609.33","608.41","610.78","608.39","0.14%"
"Mar 16, 2018","608.47","605.65","608.59","605.24","0.47%"
"Mar 15, 2018","605.60","601.43","606.23","601.24","0.70%"
"Mar 14, 2018","601.40","603.02","603.11","599.61","-0.28%"
"Mar 13, 2018","603.06","603.82","604.47","600.02","-0.13%"
"Mar 12, 2018","603.85","602.37","604.95","602.37","0.27%"
"Mar 09, 2018","602.25","606.24","606.25","601.73","-0.65%"
"Mar 08, 2018","606.21","603.25","607.06","603.25","0.48%"
"Mar 07, 2018","603.30","600.20","603.68","600.20","0.52%"
"Mar 06, 2018","600.20","598.45","600.33","593.68","0.31%"
"Mar 05, 2018","598.35","598.82","601.80","597.55","-0.07%"
"Mar 02, 2018","598.75","595.85","599.38","593.98","0.49%"
"Mar 01, 2018","595.85","594.92","597.65","594.03","0.16%"
"Feb 28, 2018","594.92","592.38","595.11","590.60","0.47%"
"Feb 27, 2018","592.13","587.47","592.86","587.08","0.75%"
"Feb 26, 2018","587.73","590.20","590.20","587.00","-0.47%"
"Feb 23, 2018","590.50","592.60","594.10","590.20","-0.29%"
"Feb 22, 2018","592.23","594.83","596.34","592.17","-0.53%"
"Feb 21, 2018","595.38","595.33","596.48","593.49","0.02%"
"Feb 20, 2018","595.25","594.73","597.30","594.12","0.13%"
"Feb 19, 2018","594.50","593.58","595.73","593.58","0.18%"
"Feb 16, 2018","593.45","592.90","593.78","591.60","0.01%"
"Feb 15, 2018","593.38","594.27","594.73","590.89","-0.08%"
"Feb 14, 2018","593.88","598.17","599.65","593.88","-0.72%"
"Feb 13, 2018","598.20","597.95","598.20","594.05","0.03%"
"Feb 12, 2018","598.02","604.54","604.54","597.94","-1.11%"
"Feb 09, 2018","604.75","603.30","605.91","601.50","0.27%"
"Feb 08, 2018","603.15","598.80","604.05","597.85","0.65%"
"Feb 07, 2018","599.26","599.28","600.11","593.83","-0.01%"
"Feb 06, 2018","599.29","602.72","604.16","599.17","-0.57%"
"Feb 05, 2018","602.70","603.00","605.25","600.60","-0.02%"
"Feb 02, 2018","602.80","597.30","604.05","596.70","0.84%"
"Feb 01, 2018","597.75","602.65","603.41","596.41","-0.76%"
"Jan 31, 2018","602.30","606.82","606.90","600.56","-0.75%"
"Jan 30, 2018","606.84","603.60","608.27","601.20","0.54%"
"Jan 29, 2018","603.57","602.60","605.90","602.60","0.13%"
"Jan 26, 2018","602.80","599.53","603.00","597.53","0.51%"
"Jan 25, 2018","599.75","603.23","603.23","598.38","-0.50%"
"Jan 24, 2018","602.75","609.23","609.36","602.15","-1.12%"
"Jan 23, 2018","609.58","605.28","610.43","605.28","0.75%"
"Jan 22, 2018","605.05","608.21","608.21","604.46","-0.48%"